<ImportExportXml version="8.1.0000.0359" SolutionPackageVersion="8.1" languagecode="1033" generatedBy="OnPremise" xmlns:xsi="http://www.w3.org/2001/XMLSchema-instance">
  <SolutionManifest>
    <UniqueName>workflowscheduler</UniqueName>
    <LocalizedNames>
      <LocalizedName description="Alexander Development process runner" languagecode="1033" />
    </LocalizedNames>
    <Descriptions>
      <Description description="Alexander Development recurring workflow runner" languagecode="1033" />
    </Descriptions>
    <Version>1.2.0.0</Version>
    <Managed>0</Managed>
    <Publisher>
      <UniqueName>lucasalexander</UniqueName>
      <LocalizedNames>
        <LocalizedName description="Lucas Alexander" languagecode="1033" />
      </LocalizedNames>
      <Descriptions>
        <Description description="Lucas Alexander&#xA;  Blog - http://alexanderdevelopment.net/&#xA;  Twitter - https://twitter.com/lucas_is&#xA;  GitHub - https://github.com/lucasalexander" languagecode="1033" />
      </Descriptions>
      <EMailAddress>lucas@alexanderdevelopment.net</EMailAddress>
      <SupportingWebsiteUrl>http://alexanderdevelopment.net</SupportingWebsiteUrl>
      <CustomizationPrefix>la</CustomizationPrefix>
      <CustomizationOptionValuePrefix>95395</CustomizationOptionValuePrefix>
      <Addresses>
        <Address>
          <AddressNumber>1</AddressNumber>
          <AddressTypeCode>1</AddressTypeCode>
          <City xsi:nil="true"></City>
          <County xsi:nil="true"></County>
          <Country>USA</Country>
          <Fax xsi:nil="true"></Fax>
          <FreightTermsCode xsi:nil="true"></FreightTermsCode>
          <ImportSequenceNumber xsi:nil="true"></ImportSequenceNumber>
          <Latitude xsi:nil="true"></Latitude>
          <Line1 xsi:nil="true"></Line1>
          <Line2 xsi:nil="true"></Line2>
          <Line3 xsi:nil="true"></Line3>
          <Longitude xsi:nil="true"></Longitude>
          <Name xsi:nil="true"></Name>
          <PostalCode xsi:nil="true"></PostalCode>
          <PostOfficeBox xsi:nil="true"></PostOfficeBox>
          <PrimaryContactName xsi:nil="true"></PrimaryContactName>
          <ShippingMethodCode>1</ShippingMethodCode>
          <StateOrProvince xsi:nil="true"></StateOrProvince>
          <Telephone1 xsi:nil="true"></Telephone1>
          <Telephone2 xsi:nil="true"></Telephone2>
          <Telephone3 xsi:nil="true"></Telephone3>
          <TimeZoneRuleVersionNumber xsi:nil="true"></TimeZoneRuleVersionNumber>
          <UPSZone xsi:nil="true"></UPSZone>
          <UTCOffset xsi:nil="true"></UTCOffset>
          <UTCConversionTimeZoneCode xsi:nil="true"></UTCConversionTimeZoneCode>
        </Address>
        <Address>
          <AddressNumber>2</AddressNumber>
          <AddressTypeCode>1</AddressTypeCode>
          <City xsi:nil="true"></City>
          <County xsi:nil="true"></County>
          <Country xsi:nil="true"></Country>
          <Fax xsi:nil="true"></Fax>
          <FreightTermsCode xsi:nil="true"></FreightTermsCode>
          <ImportSequenceNumber xsi:nil="true"></ImportSequenceNumber>
          <Latitude xsi:nil="true"></Latitude>
          <Line1 xsi:nil="true"></Line1>
          <Line2 xsi:nil="true"></Line2>
          <Line3 xsi:nil="true"></Line3>
          <Longitude xsi:nil="true"></Longitude>
          <Name xsi:nil="true"></Name>
          <PostalCode xsi:nil="true"></PostalCode>
          <PostOfficeBox xsi:nil="true"></PostOfficeBox>
          <PrimaryContactName xsi:nil="true"></PrimaryContactName>
          <ShippingMethodCode>1</ShippingMethodCode>
          <StateOrProvince xsi:nil="true"></StateOrProvince>
          <Telephone1 xsi:nil="true"></Telephone1>
          <Telephone2 xsi:nil="true"></Telephone2>
          <Telephone3 xsi:nil="true"></Telephone3>
          <TimeZoneRuleVersionNumber xsi:nil="true"></TimeZoneRuleVersionNumber>
          <UPSZone xsi:nil="true"></UPSZone>
          <UTCOffset xsi:nil="true"></UTCOffset>
          <UTCConversionTimeZoneCode xsi:nil="true"></UTCConversionTimeZoneCode>
        </Address>
      </Addresses>
    </Publisher>
    <RootComponents>
      <RootComponent type="1" schemaName="la_recurringprocess" behavior="0" />
      <RootComponent type="1" schemaName="workflow" behavior="0" />
      <RootComponent type="29" id="{c48989bd-4af3-4ce9-91c6-722b1e5a157e}" behavior="0" />
      <RootComponent type="60" id="{d2050b71-db5f-4683-8025-eb6d3524da8d}" behavior="0" />
      <RootComponent type="91" schemaName="AlexanderDevelopment.WorkflowScheduler, Version=1.1.6359.18331, Culture=neutral, PublicKeyToken=b149ff7f7bc69d48" behavior="0" />
    </RootComponents>
    <MissingDependencies />
  </SolutionManifest>
</ImportExportXml>